"Label (Grouping)","Total:","Total:!!Population of one race:","Total:!!Population of one race:!!White alone","Total:!!Population of one race:!!Black or African American alone","Total:!!Population of one race:!!American Indian and Alaska Native alone","Total:!!Population of one race:!!Asian alone","Total:!!Population of one race:!!Native Hawaiian and Other Pacific Islander alone","Total:!!Population of one race:!!Some Other Race alone","Total:!!Population of two or more races:","Total:!!Population of two or more races:!!Population of two races:","Total:!!Population of two or more races:!!Population of two races:!!White; Black or African American","Total:!!Population of two or more races:!!Population of two races:!!White; American Indian and Alaska Native","Total:!!Population of two or more races:!!Population of two races:!!White; Asian","Total:!!Population of two or more races:!!Population of two races:!!White; Native Hawaiian and Other Pacific Islander","Total:!!Population of two or more races:!!Population of two races:!!White; Some Other Race","Total:!!Population of two or more races:!!Population of two races:!!Black or African American; American Indian and Alaska Native","Total:!!Population of two or more races:!!Population of two races:!!Black or African American; Asian","Total:!!Population of two or more races:!!Population of two races:!!Black or African American; Native Hawaiian and Other Pacific Islander","Total:!!Population of two or more races:!!Population of two races:!!Black or African American; Some Other Race","Total:!!Population of two or more races:!!Population of two races:!!American Indian and Alaska Native; Asian","Total:!!Population of two or more races:!!Population of two races:!!American Indian and Alaska Native; Native Hawaiian and Other Pacific Islander","Total:!!Population of two or more races:!!Population of two races:!!American Indian and Alaska Native; Some Other Race","Total:!!Population of two or more races:!!Population of two races:!!Asian; Native Hawaiian and Other Pacific Islander","Total:!!Population of two or more races:!!Population of two races:!!Asian; Some Other Race","Total:!!Population of two or more races:!!Population of two races:!!Native Hawaiian and Other Pacific Islander; Some Other Race","Total:!!Population of two or more races:!!Population of three races:","Total:!!Population of two or more races:!!Population of three races:!!White; Black or African American; American Indian and Alaska Native","Total:!!Population of two or more races:!!Population of three races:!!White; Black or African American; Asian","Total:!!Population of two or more races:!!Population of three races:!!White; Black or African American; Native Hawaiian and Other Pacific Islander","Total:!!Population of two or more races:!!Population of three races:!!White; Black or African American; Some Other Race","Total:!!Population of two or more races:!!Population of three races:!!White; American Indian and Alaska Native; Asian","Total:!!Population of two or more races:!!Population of three races:!!White; American Indian and Alaska Native; Native Hawaiian and Other Pacific Islander","Total:!!Population of two or more races:!!Population of three races:!!White; American Indian and Alaska Native; Some Other Race","Total:!!Population of two or more races:!!Population of three races:!!White; Asian; Native Hawaiian and Other Pacific Islander","Total:!!Population of two or more races:!!Population of three races:!!White; Asian; Some Other Race","Total:!!Population of two or more races:!!Population of three races:!!White; Native Hawaiian and Other Pacific Islander; Some Other Race","Total:!!Population of two or more races:!!Population of three races:!!Black or African American; American Indian and Alaska Native; Asian","Total:!!Population of two or more races:!!Population of three races:!!Black or African American; American Indian and Alaska Native; Native Hawaiian and Other Pacific Islander","Total:!!Population of two or more races:!!Population of three races:!!Black or African American; American Indian and Alaska Native; Some Other Race","Total:!!Population of two or more races:!!Population of three races:!!Black or African American; Asian; Native Hawaiian and Other Pacific Islander","Total:!!Population of two or more races:!!Population of three races:!!Black or African American; Asian; Some Other Race","Total:!!Population of two or more races:!!Population of three races:!!Black or African American; Native Hawaiian and Other Pacific Islander; Some Other Race","Total:!!Population of two or more races:!!Population of three races:!!American Indian and Alaska Native; Asian; Native Hawaiian and Other Pacific Islander","Total:!!Population of two or more races:!!Population of three races:!!American Indian and Alaska Native; Asian; Some Other Race","Total:!!Population of two or more races:!!Population of three races:!!American Indian and Alaska Native; Native Hawaiian and Other Pacific Islander; Some Other Race","Total:!!Population of two or more races:!!Population of three races:!!Asian; Native Hawaiian and Other Pacific Islander; Some Other Race","Total:!!Population of two or more races:!!Population of four races:","Total:!!Population of two or more races:!!Population of four races:!!White; Black or African American; American Indian and Alaska Native; Asian","Total:!!Population of two or more races:!!Population of four races:!!White; Black or African American; American Indian and Alaska Native; Native Hawaiian and Other Pacific Islander","Total:!!Population of two or more races:!!Population of four races:!!White; Black or African American; American Indian and Alaska Native; Some Other Race","Total:!!Population of two or more races:!!Population of four races:!!White; Black or African American; Asian; Native Hawaiian and Other Pacific Islander","Total:!!Population of two or more races:!!Population of four races:!!White; Black or African American; Asian; Some Other Race","Total:!!Population of two or more races:!!Population of four races:!!White; Black or African American; Native Hawaiian and Other Pacific Islander; Some Other Race","Total:!!Population of two or more races:!!Population of four races:!!White; American Indian and Alaska Native; Asian; Native Hawaiian and Other Pacific Islander","Total:!!Population of two or more races:!!Population of four races:!!White; American Indian and Alaska Native; Asian; Some Other Race","Total:!!Population of two or more races:!!Population of four races:!!White; American Indian and Alaska Native; Native Hawaiian and Other Pacific Islander; Some Other Race","Total:!!Population of two or more races:!!Population of four races:!!White; Asian; Native Hawaiian and Other Pacific Islander; Some Other Race","Total:!!Population of two or more races:!!Population of four races:!!Black or African American; American Indian and Alaska Native; Asian; Native Hawaiian and Other Pacific Islander","Total:!!Population of two or more races:!!Population of four races:!!Black or African American; American Indian and Alaska Native; Asian; Some Other Race","Total:!!Population of two or more races:!!Population of four races:!!Black or African American; American Indian and Alaska Native; Native Hawaiian and Other Pacific Islander; Some Other Race","Total:!!Population of two or more races:!!Population of four races:!!Black or African American; Asian; Native Hawaiian and Other Pacific Islander; Some Other Race","Total:!!Population of two or more races:!!Population of four races:!!American Indian and Alaska Native; Asian; Native Hawaiian and Other Pacific Islander; Some Other Race","Total:!!Population of two or more races:!!Population of five races:","Total:!!Population of two or more races:!!Population of five races:!!White; Black or African American; American Indian and Alaska Native; Asian; Native Hawaiian and Other Pacific Islander","Total:!!Population of two or more races:!!Population of five races:!!White; Black or African American; American Indian and Alaska Native; Asian; Some Other Race","Total:!!Population of two or more races:!!Population of five races:!!White; Black or African American; American Indian and Alaska Native; Native Hawaiian and Other Pacific Islander; Some Other Race","Total:!!Population of two or more races:!!Population of five races:!!White; Black or African American; Asian; Native Hawaiian and Other Pacific Islander; Some Other Race","Total:!!Population of two or more races:!!Population of five races:!!White; American Indian and Alaska Native; Asian; Native Hawaiian and Other Pacific Islander; Some Other Race","Total:!!Population of two or more races:!!Population of five races:!!Black or African American; American Indian and Alaska Native; Asian; Native Hawaiian and Other Pacific Islander; Some Other Race","Total:!!Population of two or more races:!!Population of six races:","Total:!!Population of two or more races:!!Population of six races:!!White; Black or African American; American Indian and Alaska Native; Asian; Native Hawaiian and Other Pacific Islander; Some Other Race"
"Alamance County, North Carolina","","","","","","","","","","","","","","","","","","","","","","","","","","","","","","","","","","","","","","","","","","","","","","","","","","","","","","","","","","","","","","","","","","","","","","",""
"    Alamance County, North Carolina","171,415","159,680","105,847","34,014","1,427","2,848","105","15,439","11,735","10,936","2,102","1,918","669","45","4,879","502","99","32","388","16","9","216","10","39","12","727","382","45","5","104","24","0","120","0","20","1","2","0","13","7","3","0","1","0","0","0","63","8","4","37","6","1","0","1","0","0","0","0","4","0","0","2","9","6","1","0","2","0","0","0","0"
"Alexander County, North Carolina","","","","","","","","","","","","","","","","","","","","","","","","","","","","","","","","","","","","","","","","","","","","","","","","","","","","","","","","","","","","","","","","","","","","","","",""
"    Alexander County, North Carolina","36,444","34,766","31,284","1,932","144","392","5","1,009","1,678","1,621","309","596","73","4","578","10","11","0","24","7","2","7","0","0","0","42","25","0","0","2","1","1","7","0","4","0","0","0","0","0","0","0","0","0","0","2","9","8","0","0","0","0","0","0","1","0","0","0","0","0","0","0","6","3","3","0","0","0","0","0","0"
"Alleghany County, North Carolina","","","","","","","","","","","","","","","","","","","","","","","","","","","","","","","","","","","","","","","","","","","","","","","","","","","","","","","","","","","","","","","","","","","","","","",""
"    Alleghany County, North Carolina","10,888","10,318","9,544","104","47","15","6","602","570","524","52","146","9","8","289","1","6","0","8","3","0","0","1","1","0","43","7","0","3","4","8","0","9","4","3","3","2","0","0","0","0","0","0","0","0","0","0","0","0","0","0","0","0","0","0","0","0","0","0","0","0","0","3","3","0","0","0","0","0","0","0"
"Anson County, North Carolina","","","","","","","","","","","","","","","","","","","","","","","","","","","","","","","","","","","","","","","","","","","","","","","","","","","","","","","","","","","","","","","","","","","","","","",""
"    Anson County, North Carolina","22,055","21,340","10,692","9,871","106","221","7","443","715","670","224","206","23","2","101","54","13","0","34","0","0","4","0","3","6","30","24","1","0","0","2","0","0","0","0","0","0","0","0","0","0","3","0","0","0","0","7","0","1","0","0","5","0","0","0","0","0","0","0","0","1","0","7","7","0","0","0","0","0","1","1"
"Ashe County, North Carolina","","","","","","","","","","","","","","","","","","","","","","","","","","","","","","","","","","","","","","","","","","","","","","","","","","","","","","","","","","","","","","","","","","","","","","",""
"    Ashe County, North Carolina","26,577","25,477","24,435","127","77","103","12","723","1,100","1,036","87","413","32","0","474","6","0","0","9","1","0","3","5","2","4","57","16","0","5","13","6","0","6","2","4","0","0","0","4","0","0","0","1","0","0","0","5","3","1","0","0","0","1","0","0","0","0","0","0","0","0","0","1","1","0","0","0","0","0","1","1"
"Avery County, North Carolina","","","","","","","","","","","","","","","","","","","","","","","","","","","","","","","","","","","","","","","","","","","","","","","","","","","","","","","","","","","","","","","","","","","","","","",""
"    Avery County, North Carolina","17,806","17,110","15,746","664","89","63","1","547","696","662","49","278","36","3","272","4","6","0","8","0","0","1","1","4","0","33","3","0","0","2","8","0","6","5","0","0","0","0","0","1","5","0","0","0","0","3","1","0","0","0","1","0","0","0","0","0","0","0","0","0","0","0","0","0","0","0","0","0","0","0","0"
"Beaufort County, North Carolina","","","","","","","","","","","","","","","","","","","","","","","","","","","","","","","","","","","","","","","","","","","","","","","","","","","","","","","","","","","","","","","","","","","","","","",""
"    Beaufort County, North Carolina","44,652","42,822","29,817","10,303","168","166","16","2,352","1,830","1,719","447","391","78","5","656","73","6","3","39","6","0","2","0","8","5","102","34","2","2","21","11","0","17","1","0","2","0","0","3","0","1","0","1","0","0","7","7","2","0","0","1","0","0","0","0","2","1","1","0","0","0","0","2","0","1","0","1","0","0","0","0"
"Bertie County, North Carolina","","","","","","","","","","","","","","","","","","","","","","","","","","","","","","","","","","","","","","","","","","","","","","","","","","","","","","","","","","","","","","","","","","","","","","",""
"    Bertie County, North Carolina","17,934","17,398","6,339","10,720","63","63","6","207","536","482","176","91","21","7","74","58","17","3","27","4","0","4","0","0","0","40","17","1","0","1","1","0","6","5","2","1","4","0","0","0","0","0","0","2","0","0","14","7","2","3","0","0","0","1","1","0","0","0","0","0","0","0","0","0","0","0","0","0","0","0","0"
"Bladen County, North Carolina","","","","","","","","","","","","","","","","","","","","","","","","","","","","","","","","","","","","","","","","","","","","","","","","","","","","","","","","","","","","","","","","","","","","","","",""
"    Bladen County, North Carolina","29,606","28,328","16,102","9,576","799","48","11","1,792","1,278","1,178","226","364","29","1","356","126","3","4","50","9","5","2","3","0","0","83","30","2","0","7","8","3","19","7","6","0","0","1","0","0","0","0","0","0","0","0","17","2","0","5","0","6","0","3","0","0","0","0","0","0","1","0","0","0","0","0","0","0","0","0","0"
"Brunswick County, North Carolina","","","","","","","","","","","","","","","","","","","","","","","","","","","","","","","","","","","","","","","","","","","","","","","","","","","","","","","","","","","","","","","","","","","","","","",""
"    Brunswick County, North Carolina","136,693","129,304","112,307","11,546","895","910","92","3,554","7,389","7,084","1,104","2,143","423","38","3,018","131","39","8","130","4","0","29","11","6","0","280","140","27","0","26","25","2","31","14","14","0","0","0","0","0","1","0","0","0","0","0","21","10","0","7","0","3","0","0","1","0","0","0","0","0","0","0","4","4","0","0","0","0","0","0","0"
"Buncombe County, North Carolina","","","","","","","","","","","","","","","","","","","","","","","","","","","","","","","","","","","","","","","","","","","","","","","","","","","","","","","","","","","","","","","","","","","","","","",""
"    Buncombe County, North Carolina","269,452","250,488","218,867","15,311","1,243","3,322","496","11,249","18,964","18,043","2,714","4,632","1,624","107","8,228","211","56","13","228","12","4","112","45","52","5","836","314","64","12","101","63","1","184","30","38","5","1","3","12","0","7","1","0","0","0","0","73","7","1","33","1","5","0","6","17","0","0","0","0","0","0","3","12","5","1","1","5","0","0","0","0"
"Burke County, North Carolina","","","","","","","","","","","","","","","","","","","","","","","","","","","","","","","","","","","","","","","","","","","","","","","","","","","","","","","","","","","","","","","","","","","","","","",""
"    Burke County, North Carolina","87,570","82,929","69,671","4,854","1,337","3,168","70","3,829","4,641","4,421","854","1,508","242","34","1,514","73","2","11","61","7","1","81","9","13","11","189","68","12","3","29","9","2","45","3","5","4","0","0","6","2","0","0","0","0","0","1","26","3","0","6","3","6","0","0","4","0","4","0","0","0","0","0","5","4","1","0","0","0","0","0","0"
"Cabarrus County, North Carolina","","","","","","","","","","","","","","","","","","","","","","","","","","","","","","","","","","","","","","","","","","","","","","","","","","","","","","","","","","","","","","","","","","","","","","",""
"    Cabarrus County, North Carolina","225,804","208,495","137,756","42,622","1,133","11,984","137","14,863","17,309","16,152","2,941","2,893","1,211","62","7,401","445","166","35","771","14","0","108","24","67","14","1,018","368","88","6","197","36","2","161","31","33","7","22","1","45","6","6","2","0","0","0","7","128","28","0","69","0","8","3","10","8","0","2","0","0","0","0","0","11","7","4","0","0","0","0","0","0"
"Caldwell County, North Carolina","","","","","","","","","","","","","","","","","","","","","","","","","","","","","","","","","","","","","","","","","","","","","","","","","","","","","","","","","","","","","","","","","","","","","","",""
"    Caldwell County, North Carolina","80,652","76,194","68,859","3,914","340","544","16","2,521","4,458","4,247","988","1,394","181","20","1,467","36","15","9","78","1","0","37","8","4","9","184","90","11","3","8","8","0","40","10","3","2","0","0","0","1","6","0","2","0","0","0","26","16","0","3","3","3","1","0","0","0","0","0","0","0","0","0","1","0","1","0","0","0","0","0","0"
"Camden County, North Carolina","","","","","","","","","","","","","","","","","","","","","","","","","","","","","","","","","","","","","","","","","","","","","","","","","","","","","","","","","","","","","","","","","","","","","","",""
"    Camden County, North Carolina","10,355","9,659","8,312","1,055","49","119","2","122","696","653","133","240","78","9","168","10","1","0","1","1","3","6","2","1","0","23","3","1","2","5","2","0","2","1","2","0","0","5","0","0","0","0","0","0","0","0","16","1","0","11","0","0","0","0","0","0","0","3","0","0","0","1","4","0","0","3","1","0","0","0","0"
"Carteret County, North Carolina","","","","","","","","","","","","","","","","","","","","","","","","","","","","","","","","","","","","","","","","","","","","","","","","","","","","","","","","","","","","","","","","","","","","","","",""
"    Carteret County, North Carolina","67,686","63,915","58,255","3,274","312","594","63","1,417","3,771","3,544","537","1,101","411","34","1,298","35","16","5","51","0","2","22","26","6","0","212","91","17","0","20","10","0","36","20","7","0","0","0","5","0","4","2","0","0","0","0","15","0","6","2","0","7","0","0","0","0","0","0","0","0","0","0","0","0","0","0","0","0","0","0","0"
"Caswell County, North Carolina","","","","","","","","","","","","","","","","","","","","","","","","","","","","","","","","","","","","","","","","","","","","","","","","","","","","","","","","","","","","","","","","","","","","","","",""
"    Caswell County, North Carolina","22,736","21,780","14,232","6,824","85","64","22","553","956","861","241","256","40","1","236","32","5","2","22","5","1","14","0","0","6","84","33","11","0","3","5","0","17","5","1","0","0","0","8","0","0","0","0","0","0","1","2","0","0","2","0","0","0","0","0","0","0","0","0","0","0","0","4","4","0","0","0","0","0","5","5"
"Catawba County, North Carolina","","","","","","","","","","","","","","","","","","","","","","","","","","","","","","","","","","","","","","","","","","","","","","","","","","","","","","","","","","","","","","","","","","","","","","",""
"    Catawba County, North Carolina","160,610","149,409","118,946","12,835","1,023","7,023","94","9,488","11,201","10,643","2,153","2,564","627","43","4,583","129","76","1","226","15","0","143","32","41","10","494","178","29","3","82","24","0","122","14","18","0","0","0","8","5","5","5","0","1","0","0","45","0","3","27","0","2","0","0","8","0","5","0","0","0","0","0","19","8","11","0","0","0","0","0","0"
"Chatham County, North Carolina","","","","","","","","","","","","","","","","","","","","","","","","","","","","","","","","","","","","","","","","","","","","","","","","","","","","","","","","","","","","","","","","","","","","","","",""
"    Chatham County, North Carolina","76,285","70,823","54,431","7,914","471","1,627","37","6,343","5,462","5,168","747","850","468","26","2,750","105","28","0","78","7","0","75","10","16","8","279","123","26","4","41","1","0","41","10","14","1","1","7","10","0","0","0","0","0","0","0","5","0","0","2","0","3","0","0","0","0","0","0","0","0","0","0","10","0","10","0","0","0","0","0","0"
"Cherokee County, North Carolina","","","","","","","","","","","","","","","","","","","","","","","","","","","","","","","","","","","","","","","","","","","","","","","","","","","","","","","","","","","","","","","","","","","","","","",""
"    Cherokee County, North Carolina","28,774","26,942","25,640","381","436","158","0","327","1,832","1,751","162","1,023","82","10","425","18","5","1","15","4","0","3","0","3","0","65","14","3","0","8","3","0","17","0","2","0","0","0","18","0","0","0","0","0","0","0","12","4","7","0","0","0","0","0","0","0","1","0","0","0","0","0","4","2","1","1","0","0","0","0","0"
"Chowan County, North Carolina","","","","","","","","","","","","","","","","","","","","","","","","","","","","","","","","","","","","","","","","","","","","","","","","","","","","","","","","","","","","","","","","","","","","","","",""
"    Chowan County, North Carolina","13,708","13,149","8,351","4,408","47","40","1","302","559","507","126","116","35","4","179","16","6","2","11","1","0","0","2","3","6","47","18","1","3","10","4","0","2","1","4","0","0","0","0","0","0","4","0","0","0","0","5","0","0","3","1","0","0","0","1","0","0","0","0","0","0","0","0","0","0","0","0","0","0","0","0"
"Clay County, North Carolina","","","","","","","","","","","","","","","","","","","","","","","","","","","","","","","","","","","","","","","","","","","","","","","","","","","","","","","","","","","","","","","","","","","","","","",""
"    Clay County, North Carolina","11,089","10,485","10,150","65","44","40","9","177","604","568","46","270","15","0","217","0","0","3","0","2","0","4","2","7","2","28","2","12","0","0","1","3","1","0","0","0","7","0","1","0","0","0","1","0","0","0","5","2","0","0","0","2","0","0","1","0","0","0","0","0","0","0","3","0","3","0","0","0","0","0","0"
"Cleveland County, North Carolina","","","","","","","","","","","","","","","","","","","","","","","","","","","","","","","","","","","","","","","","","","","","","","","","","","","","","","","","","","","","","","","","","","","","","","",""
"    Cleveland County, North Carolina","99,519","94,489","71,076","20,159","277","861","25","2,091","5,030","4,754","1,310","1,498","257","14","1,346","167","52","6","82","4","0","12","6","0","0","259","130","16","8","20","16","5","41","9","3","0","0","0","2","0","7","0","0","0","0","2","17","4","0","5","0","0","1","0","7","0","0","0","0","0","0","0","0","0","0","0","0","0","0","0","0"
"Columbus County, North Carolina","","","","","","","","","","","","","","","","","","","","","","","","","","","","","","","","","","","","","","","","","","","","","","","","","","","","","","","","","","","","","","","","","","","","","","",""
"    Columbus County, North Carolina","50,623","48,644","30,380","14,586","1,732","161","14","1,771","1,979","1,840","490","510","40","23","461","230","12","6","46","12","0","7","2","1","0","119","87","4","5","3","0","0","15","0","0","0","0","0","4","0","0","0","0","1","0","0","15","4","0","3","3","0","0","3","0","0","0","0","0","0","2","0","5","1","4","0","0","0","0","0","0"
"Craven County, North Carolina","","","","","","","","","","","","","","","","","","","","","","","","","","","","","","","","","","","","","","","","","","","","","","","","","","","","","","","","","","","","","","","","","","","","","","",""
"    Craven County, North Carolina","100,720","93,583","66,703","20,204","413","3,093","167","3,003","7,137","6,648","1,372","1,426","747","54","2,343","238","85","16","232","11","0","42","34","46","2","446","155","59","2","59","39","6","60","6","41","0","1","0","6","3","0","8","1","0","0","0","40","10","0","17","1","0","0","1","6","0","2","0","0","0","3","0","3","1","0","0","0","2","0","0","0"
"Cumberland County, North Carolina","","","","","","","","","","","","","","","","","","","","","","","","","","","","","","","","","","","","","","","","","","","","","","","","","","","","","","","","","","","","","","","","","","","","","","",""
"    Cumberland County, North Carolina","334,728","301,538","141,912","127,610","5,556","9,173","1,454","15,833","33,190","29,575","6,750","4,408","2,856","330","9,269","1,946","775","242","2,271","52","21","225","222","145","63","3,195","1,224","377","60","513","164","25","265","178","119","19","40","11","88","64","29","5","6","1","3","4","397","93","12","220","10","22","2","30","2","0","6","0","0","0","0","0","19","12","5","0","2","0","0","4","4"
"Currituck County, North Carolina","","","","","","","","","","","","","","","","","","","","","","","","","","","","","","","","","","","","","","","","","","","","","","","","","","","","","","","","","","","","","","","","","","","","","","",""
"    Currituck County, North Carolina","28,100","26,097","23,878","1,392","118","275","27","407","2,003","1,885","325","619","198","25","648","26","6","10","8","1","1","2","10","6","0","114","31","7","2","11","19","3","23","2","15","0","1","0","0","0","0","0","0","0","0","0","3","0","0","3","0","0","0","0","0","0","0","0","0","0","0","0","1","0","1","0","0","0","0","0","0"
"Dare County, North Carolina","","","","","","","","","","","","","","","","","","","","","","","","","","","","","","","","","","","","","","","","","","","","","","","","","","","","","","","","","","","","","","","","","","","","","","",""
"    Dare County, North Carolina","36,915","34,754","32,429","703","181","265","10","1,166","2,161","2,066","278","506","165","19","1,047","3","0","1","7","4","1","16","3","16","0","86","35","12","0","0","3","0","17","8","5","0","0","0","1","2","0","3","0","0","0","0","8","2","0","2","0","0","0","0","0","2","2","0","0","0","0","0","1","1","0","0","0","0","0","0","0"
"Davidson County, North Carolina","","","","","","","","","","","","","","","","","","","","","","","","","","","","","","","","","","","","","","","","","","","","","","","","","","","","","","","","","","","","","","","","","","","","","","",""
"    Davidson County, North Carolina","168,930","159,314","131,922","16,065","1,018","2,468","50","7,791","9,616","9,160","1,622","2,700","480","32","3,747","148","50","2","232","9","4","73","11","37","13","419","188","19","2","54","38","7","72","10","5","0","7","0","3","6","0","1","0","1","0","6","26","4","0","13","0","4","0","0","1","0","0","0","1","0","3","0","6","0","6","0","0","0","0","5","5"
"Davie County, North Carolina","","","","","","","","","","","","","","","","","","","","","","","","","","","","","","","","","","","","","","","","","","","","","","","","","","","","","","","","","","","","","","","","","","","","","","",""
"    Davie County, North Carolina","42,712","40,175","35,340","2,428","207","280","7","1,913","2,537","2,351","399","716","149","11","926","37","4","3","44","1","0","41","12","7","1","177","73","12","0","19","16","0","37","0","7","0","7","0","3","0","3","0","0","0","0","0","4","0","0","3","0","0","0","1","0","0","0","0","0","0","0","0","5","2","2","0","0","0","1","0","0"
"Duplin County, North Carolina","","","","","","","","","","","","","","","","","","","","","","","","","","","","","","","","","","","","","","","","","","","","","","","","","","","","","","","","","","","","","","","","","","","","","","",""
"    Duplin County, North Carolina","48,715","45,573","26,084","11,604","488","173","14","7,210","3,142","2,996","417","348","61","0","1,887","69","8","0","80","13","0","96","7","3","7","132","61","9","1","16","4","3","13","5","0","0","0","0","8","0","9","0","0","0","0","3","7","2","0","4","0","1","0","0","0","0","0","0","0","0","0","0","7","2","5","0","0","0","0","0","0"
"Durham County, North Carolina","","","","","","","","","","","","","","","","","","","","","","","","","","","","","","","","","","","","","","","","","","","","","","","","","","","","","","","","","","","","","","","","","","","","","","",""
"    Durham County, North Carolina","324,833","301,120","139,231","110,610","2,285","16,817","131","32,046","23,713","21,853","3,471","1,988","2,803","78","10,158","1,076","336","22","1,057","37","10","648","38","106","25","1,620","629","140","13","287","52","3","268","42","80","8","26","10","43","6","7","4","0","0","0","2","217","67","0","124","0","13","0","0","2","1","5","0","0","0","0","5","19","6","12","1","0","0","0","4","4"
"Edgecombe County, North Carolina","","","","","","","","","","","","","","","","","","","","","","","","","","","","","","","","","","","","","","","","","","","","","","","","","","","","","","","","","","","","","","","","","","","","","","",""
"    Edgecombe County, North Carolina","48,900","47,246","17,631","27,429","194","113","12","1,867","1,654","1,512","474","234","32","4","490","154","19","2","69","0","4","19","1","10","0","120","83","5","0","19","2","0","5","1","3","0","0","1","0","1","0","0","0","0","0","0","20","8","1","1","0","4","0","0","4","0","0","2","0","0","0","0","2","0","2","0","0","0","0","0","0"
"Forsyth County, North Carolina","","","","","","","","","","","","","","","","","","","","","","","","","","","","","","","","","","","","","","","","","","","","","","","","","","","","","","","","","","","","","","","","","","","","","","",""
"    Forsyth County, North Carolina","382,590","354,490","214,877","95,324","2,528","9,280","285","32,196","28,100","26,275","4,515","4,056","1,800","118","12,792","912","215","64","1,191","24","2","400","38","94","54","1,593","676","66","10","287","57","13","331","46","54","0","8","1","33","8","0","0","0","0","0","3","208","29","3","136","2","20","2","0","7","2","0","0","1","0","6","0","16","12","4","0","0","0","0","8","8"
"Franklin County, North Carolina","","","","","","","","","","","","","","","","","","","","","","","","","","","","","","","","","","","","","","","","","","","","","","","","","","","","","","","","","","","","","","","","","","","","","","",""
"    Franklin County, North Carolina","68,573","64,574","43,473","15,990","491","465","24","4,131","3,999","3,776","780","774","262","21","1,502","228","27","1","114","2","1","45","14","4","1","211","112","19","0","31","7","0","28","10","0","0","2","1","0","0","0","0","0","0","0","1","10","0","2","2","0","0","0","4","0","0","0","0","2","0","0","0","2","2","0","0","0","0","0","0","0"
"Gaston County, North Carolina","","","","","","","","","","","","","","","","","","","","","","","","","","","","","","","","","","","","","","","","","","","","","","","","","","","","","","","","","","","","","","","","","","","","","","",""
"    Gaston County, North Carolina","227,943","212,834","156,794","40,323","1,082","3,543","74","11,018","15,109","14,362","2,720","3,777","845","48","5,838","358","86","30","475","13","0","100","32","30","10","709","291","63","9","122","55","8","80","35","24","0","0","2","7","7","0","0","5","0","0","1","38","6","0","15","1","2","3","3","4","0","4","0","0","0","0","0","0","0","0","0","0","0","0","0","0"
"Gates County, North Carolina","","","","","","","","","","","","","","","","","","","","","","","","","","","","","","","","","","","","","","","","","","","","","","","","","","","","","","","","","","","","","","","","","","","","","","",""
"    Gates County, North Carolina","10,478","9,980","6,762","3,023","71","25","12","87","498","416","139","123","20","5","87","19","3","2","10","2","0","0","0","0","6","72","28","5","7","9","0","5","4","2","1","0","0","0","6","1","1","3","0","0","0","0","8","4","2","0","0","2","0","0","0","0","0","0","0","0","0","0","0","0","0","0","0","0","0","2","2"
"Graham County, North Carolina","","","","","","","","","","","","","","","","","","","","","","","","","","","","","","","","","","","","","","","","","","","","","","","","","","","","","","","","","","","","","","","","","","","","","","",""
"    Graham County, North Carolina","8,030","7,677","6,913","50","590","22","5","97","353","319","32","205","11","2","51","8","0","0","1","2","0","3","3","0","1","34","21","0","0","8","0","0","0","0","0","1","0","0","0","1","3","0","0","0","0","0","0","0","0","0","0","0","0","0","0","0","0","0","0","0","0","0","0","0","0","0","0","0","0","0","0"
"Granville County, North Carolina","","","","","","","","","","","","","","","","","","","","","","","","","","","","","","","","","","","","","","","","","","","","","","","","","","","","","","","","","","","","","","","","","","","","","","",""
"    Granville County, North Carolina","60,992","57,716","34,579","18,435","370","370","36","3,926","3,276","3,025","700","675","177","14","1,131","132","19","7","100","4","0","50","1","14","1","232","123","0","0","45","0","3","43","9","3","3","0","0","3","0","0","0","0","0","0","0","16","0","4","9","0","0","0","0","2","0","0","0","1","0","0","0","3","3","0","0","0","0","0","0","0"
"Greene County, North Carolina","","","","","","","","","","","","","","","","","","","","","","","","","","","","","","","","","","","","","","","","","","","","","","","","","","","","","","","","","","","","","","","","","","","","","","",""
"    Greene County, North Carolina","20,451","19,571","9,992","7,250","185","37","12","2,095","880","825","191","172","28","2","369","13","1","0","27","3","0","11","2","4","2","44","26","0","0","2","0","0","3","4","0","0","1","4","2","0","0","1","0","0","0","1","11","0","4","3","0","0","0","0","1","2","1","0","0","0","0","0","0","0","0","0","0","0","0","0","0"
"Guilford County, North Carolina","","","","","","","","","","","","","","","","","","","","","","","","","","","","","","","","","","","","","","","","","","","","","","","","","","","","","","","","","","","","","","","","","","","","","","",""
"    Guilford County, North Carolina","541,299","506,368","263,428","181,848","3,183","28,922","265","28,722","34,931","32,075","6,745","4,453","2,540","100","13,267","1,993","549","93","1,663","42","5","328","86","173","38","2,560","1,217","174","13","364","91","7","372","64","94","3","51","5","67","15","16","0","1","4","2","0","271","77","23","144","10","2","3","1","0","0","1","5","5","0","0","0","24","9","15","0","0","0","0","1","1"
"Halifax County, North Carolina","","","","","","","","","","","","","","","","","","","","","","","","","","","","","","","","","","","","","","","","","","","","","","","","","","","","","","","","","","","","","","","","","","","","","","",""
"    Halifax County, North Carolina","48,622","46,968","19,304","24,846","1,667","284","11","856","1,654","1,484","426","264","85","10","287","281","10","5","64","7","10","27","5","1","2","156","105","2","0","4","4","5","12","15","3","0","0","0","2","0","0","0","4","0","0","0","8","3","0","0","5","0","0","0","0","0","0","0","0","0","0","0","6","4","2","0","0","0","0","0","0"
"Harnett County, North Carolina","","","","","","","","","","","","","","","","","","","","","","","","","","","","","","","","","","","","","","","","","","","","","","","","","","","","","","","","","","","","","","","","","","","","","","",""
"    Harnett County, North Carolina","133,568","121,956","81,867","27,417","1,423","1,494","274","9,481","11,612","10,680","2,129","1,918","1,030","148","4,209","383","113","54","444","14","15","99","64","46","14","813","307","92","6","83","47","2","152","68","6","0","3","0","31","10","2","0","3","1","0","0","107","36","4","50","0","1","0","6","0","3","7","0","0","0","0","0","12","6","6","0","0","0","0","0","0"
"Haywood County, North Carolina","","","","","","","","","","","","","","","","","","","","","","","","","","","","","","","","","","","","","","","","","","","","","","","","","","","","","","","","","","","","","","","","","","","","","","",""
"    Haywood County, North Carolina","62,089","59,067","56,440","663","363","370","1","1,230","3,022","2,876","341","1,186","182","19","1,087","10","1","3","17","1","0","22","0","7","0","132","52","2","0","11","21","0","37","5","0","0","4","0","0","0","0","0","0","0","0","0","14","7","0","4","0","1","0","0","0","0","0","0","0","2","0","0","0","0","0","0","0","0","0","0","0"
"Henderson County, North Carolina","","","","","","","","","","","","","","","","","","","","","","","","","","","","","","","","","","","","","","","","","","","","","","","","","","","","","","","","","","","","","","","","","","","","","","",""
"    Henderson County, North Carolina","116,281","108,474","94,151","3,388","565","1,347","629","8,394","7,807","7,467","911","1,806","422","47","4,061","43","22","10","60","0","0","44","26","9","6","304","102","26","7","22","22","4","75","19","15","2","2","4","1","0","0","1","2","0","0","0","32","6","1","13","1","5","0","0","4","2","0","0","0","0","0","0","4","0","4","0","0","0","0","0","0"
"Hertford County, North Carolina","","","","","","","","","","","","","","","","","","","","","","","","","","","","","","","","","","","","","","","","","","","","","","","","","","","","","","","","","","","","","","","","","","","","","","",""
"    Hertford County, North Carolina","21,552","20,813","7,622","12,393","206","123","3","466","739","655","169","211","19","7","91","108","9","0","29","1","0","7","0","0","4","66","47","3","0","0","0","0","1","4","1","0","0","5","0","3","0","0","0","0","0","2","15","0","5","0","9","0","0","0","0","0","1","0","0","0","0","0","3","3","0","0","0","0","0","0","0"
"Hoke County, North Carolina","","","","","","","","","","","","","","","","","","","","","","","","","","","","","","","","","","","","","","","","","","","","","","","","","","","","","","","","","","","","","","","","","","","","","","",""
"    Hoke County, North Carolina","52,082","46,553","21,031","16,766","4,063","750","213","3,730","5,529","5,000","997","904","439","49","1,635","374","89","31","293","14","2","127","13","25","8","434","167","30","2","66","12","5","76","21","15","3","11","0","13","0","11","0","1","0","0","1","86","20","12","31","5","6","1","2","5","0","0","4","0","0","0","0","9","8","0","1","0","0","0","0","0"
"Hyde County, North Carolina","","","","","","","","","","","","","","","","","","","","","","","","","","","","","","","","","","","","","","","","","","","","","","","","","","","","","","","","","","","","","","","","","","","","","","",""
"    Hyde County, North Carolina","4,589","4,360","2,956","1,169","10","7","2","216","229","208","57","35","2","3","90","4","8","0","8","0","0","1","0","0","0","16","9","0","0","1","0","0","1","0","0","0","0","0","5","0","0","0","0","0","0","0","4","0","0","4","0","0","0","0","0","0","0","0","0","0","0","0","1","0","1","0","0","0","0","0","0"
"Iredell County, North Carolina","","","","","","","","","","","","","","","","","","","","","","","","","","","","","","","","","","","","","","","","","","","","","","","","","","","","","","","","","","","","","","","","","","","","","","",""
"    Iredell County, North Carolina","186,693","174,237","139,369","21,678","711","4,785","82","7,612","12,456","11,863","2,061","2,566","971","67","5,557","187","60","27","240","3","0","69","18","35","2","532","180","30","0","81","58","5","89","15","26","8","1","4","14","11","5","3","0","1","1","0","51","22","0","23","1","0","0","0","5","0","0","0","0","0","0","0","10","8","2","0","0","0","0","0","0"
"Jackson County, North Carolina","","","","","","","","","","","","","","","","","","","","","","","","","","","","","","","","","","","","","","","","","","","","","","","","","","","","","","","","","","","","","","","","","","","","","","",""
"    Jackson County, North Carolina","43,109","40,565","33,426","856","4,098","512","10","1,663","2,544","2,382","254","1,059","158","18","784","36","3","5","31","6","0","20","7","1","0","132","45","1","2","12","14","9","31","2","0","0","3","0","2","0","2","5","2","1","0","1","26","6","5","5","3","2","2","1","0","0","2","0","0","0","0","0","4","4","0","0","0","0","0","0","0"
"Johnston County, North Carolina","","","","","","","","","","","","","","","","","","","","","","","","","","","","","","","","","","","","","","","","","","","","","","","","","","","","","","","","","","","","","","","","","","","","","","",""
"    Johnston County, North Carolina","215,999","198,061","142,425","33,730","1,767","1,886","103","18,150","17,938","16,896","2,444","2,695","999","88","9,358","420","71","34","542","10","3","151","18","29","34","965","371","52","5","169","42","13","208","41","18","6","12","3","20","0","0","0","4","0","0","1","71","4","0","46","5","8","0","3","3","0","0","0","0","0","2","0","6","3","3","0","0","0","0","0","0"
"Jones County, North Carolina","","","","","","","","","","","","","","","","","","","","","","","","","","","","","","","","","","","","","","","","","","","","","","","","","","","","","","","","","","","","","","","","","","","","","","",""
"    Jones County, North Carolina","9,172","8,754","5,867","2,579","61","34","5","208","418","370","85","110","19","0","105","26","5","0","12","4","0","0","0","4","0","45","30","0","0","4","2","0","4","1","0","1","0","0","0","0","0","0","0","0","0","3","3","0","0","3","0","0","0","0","0","0","0","0","0","0","0","0","0","0","0","0","0","0","0","0","0"
"Lee County, North Carolina","","","","","","","","","","","","","","","","","","","","","","","","","","","","","","","","","","","","","","","","","","","","","","","","","","","","","","","","","","","","","","","","","","","","","","",""
"    Lee County, North Carolina","63,285","57,961","38,413","10,885","533","663","49","7,418","5,324","4,972","713","774","219","36","2,794","143","34","0","133","17","0","68","5","27","9","322","121","9","11","39","14","6","63","14","20","6","5","0","10","0","2","0","0","2","0","0","29","6","1","14","0","7","0","0","0","1","0","0","0","0","0","0","0","0","0","0","0","0","0","1","1"
"Lenoir County, North Carolina","","","","","","","","","","","","","","","","","","","","","","","","","","","","","","","","","","","","","","","","","","","","","","","","","","","","","","","","","","","","","","","","","","","","","","",""
"    Lenoir County, North Carolina","55,122","52,532","27,113","22,195","182","336","31","2,675","2,590","2,420","576","458","110","10","989","127","28","10","80","3","4","13","4","4","4","160","79","16","2","1","12","0","25","6","1","0","3","3","8","2","0","1","0","0","0","1","9","0","2","1","0","0","0","0","5","0","0","0","0","1","0","0","1","1","0","0","0","0","0","0","0"
"Lincoln County, North Carolina","","","","","","","","","","","","","","","","","","","","","","","","","","","","","","","","","","","","","","","","","","","","","","","","","","","","","","","","","","","","","","","","","","","","","","",""
"    Lincoln County, North Carolina","86,810","81,274","72,716","4,482","328","711","33","3,004","5,536","5,339","708","1,490","316","25","2,585","28","13","1","117","4","0","42","9","0","1","177","54","0","0","40","12","4","37","9","5","0","8","0","0","4","0","2","2","0","0","0","15","1","0","9","1","4","0","0","0","0","0","0","0","0","0","0","2","0","2","0","0","0","0","3","3"
"McDowell County, North Carolina","","","","","","","","","","","","","","","","","","","","","","","","","","","","","","","","","","","","","","","","","","","","","","","","","","","","","","","","","","","","","","","","","","","","","","",""
"    McDowell County, North Carolina","44,578","42,469","38,356","1,732","216","388","0","1,777","2,109","2,004","352","798","91","3","733","3","1","0","10","0","0","13","0","0","0","84","28","0","4","12","5","1","18","0","0","3","0","0","7","4","0","2","0","0","0","0","16","0","4","12","0","0","0","0","0","0","0","0","0","0","0","0","3","3","0","0","0","0","0","2","2"
"Macon County, North Carolina","","","","","","","","","","","","","","","","","","","","","","","","","","","","","","","","","","","","","","","","","","","","","","","","","","","","","","","","","","","","","","","","","","","","","","",""
"    Macon County, North Carolina","37,014","34,678","32,099","257","279","265","8","1,770","2,336","2,238","154","672","69","21","1,246","14","1","7","43","4","0","3","3","0","1","81","35","2","0","8","8","0","13","2","0","1","8","0","2","0","0","2","0","0","0","0","14","8","0","2","0","0","0","0","0","0","2","0","1","0","0","1","3","1","2","0","0","0","0","0","0"
"Madison County, North Carolina","","","","","","","","","","","","","","","","","","","","","","","","","","","","","","","","","","","","","","","","","","","","","","","","","","","","","","","","","","","","","","","","","","","","","","",""
"    Madison County, North Carolina","21,193","20,074","19,373","215","71","87","3","325","1,119","1,052","96","475","48","7","396","5","9","1","7","1","3","0","1","0","3","48","11","0","0","8","6","0","13","0","6","0","0","0","3","1","0","0","0","0","0","0","17","5","0","2","0","0","1","0","0","0","5","4","0","0","0","0","1","0","0","0","1","0","0","1","1"
"Martin County, North Carolina","","","","","","","","","","","","","","","","","","","","","","","","","","","","","","","","","","","","","","","","","","","","","","","","","","","","","","","","","","","","","","","","","","","","","","",""
"    Martin County, North Carolina","22,031","21,300","11,624","8,922","82","99","3","570","731","637","201","131","13","3","202","54","0","0","26","0","0","3","0","0","4","76","36","14","0","8","2","0","6","2","3","2","0","0","0","0","1","0","0","0","0","2","8","2","0","1","0","3","0","2","0","0","0","0","0","0","0","0","10","10","0","0","0","0","0","0","0"
"Mecklenburg County, North Carolina","","","","","","","","","","","","","","","","","","","","","","","","","","","","","","","","","","","","","","","","","","","","","","","","","","","","","","","","","","","","","","","","","","","","","","",""
"    Mecklenburg County, North Carolina","1,115,482","1,027,992","520,567","330,458","6,700","72,035","651","97,581","87,490","81,674","12,033","7,585","7,433","259","43,309","2,936","1,186","148","4,680","170","14","1,002","141","632","146","5,178","1,833","437","48","1,042","172","17","893","145","254","16","49","21","160","22","41","7","8","3","0","10","603","155","1","363","25","27","0","0","18","0","11","0","0","0","1","2","29","10","16","0","2","1","0","6","6"
"Mitchell County, North Carolina","","","","","","","","","","","","","","","","","","","","","","","","","","","","","","","","","","","","","","","","","","","","","","","","","","","","","","","","","","","","","","","","","","","","","","",""
"    Mitchell County, North Carolina","14,903","14,158","13,663","53","30","54","1","357","745","724","74","351","45","6","225","1","1","0","7","2","0","8","0","4","0","16","4","4","0","3","0","0","4","0","0","0","0","0","1","0","0","0","0","0","0","0","3","2","0","0","0","0","0","0","0","0","0","1","0","0","0","0","2","0","0","0","2","0","0","0","0"
"Montgomery County, North Carolina","","","","","","","","","","","","","","","","","","","","","","","","","","","","","","","","","","","","","","","","","","","","","","","","","","","","","","","","","","","","","","","","","","","","","","",""
"    Montgomery County, North Carolina","25,751","24,430","16,917","4,226","139","393","9","2,746","1,321","1,239","205","239","29","0","663","33","2","8","32","0","0","12","15","0","1","74","28","3","8","0","0","0","26","0","0","3","2","1","0","0","0","0","0","0","2","1","6","2","0","0","1","3","0","0","0","0","0","0","0","0","0","0","2","2","0","0","0","0","0","0","0"
"Moore County, North Carolina","","","","","","","","","","","","","","","","","","","","","","","","","","","","","","","","","","","","","","","","","","","","","","","","","","","","","","","","","","","","","","","","","","","","","","",""
"    Moore County, North Carolina","99,727","93,171","77,010","10,671","825","1,264","60","3,341","6,556","6,140","910","1,421","717","65","2,597","169","40","0","132","5","0","49","24","11","0","363","141","29","5","36","34","0","39","44","15","0","10","0","10","0","0","0","0","0","0","0","38","11","0","27","0","0","0","0","0","0","0","0","0","0","0","0","13","9","4","0","0","0","0","2","2"
"Nash County, North Carolina","","","","","","","","","","","","","","","","","","","","","","","","","","","","","","","","","","","","","","","","","","","","","","","","","","","","","","","","","","","","","","","","","","","","","","",""
"    Nash County, North Carolina","94,970","90,707","47,378","36,958","739","915","42","4,675","4,263","3,933","902","685","194","20","1,486","369","31","18","149","13","0","48","1","6","11","290","178","16","5","21","7","1","29","1","14","0","5","0","10","2","0","0","0","1","0","0","34","1","5","20","0","1","0","3","0","0","0","0","0","1","0","3","6","5","1","0","0","0","0","0","0"
"New Hanover County, North Carolina","","","","","","","","","","","","","","","","","","","","","","","","","","","","","","","","","","","","","","","","","","","","","","","","","","","","","","","","","","","","","","","","","","","","","","",""
"    New Hanover County, North Carolina","225,702","211,058","170,837","27,386","1,038","3,515","154","8,128","14,644","13,817","2,230","2,826","1,493","113","6,123","326","73","58","400","16","4","78","39","30","8","754","267","63","11","121","53","16","121","55","19","6","6","0","4","5","3","0","3","0","0","1","69","20","1","35","0","0","0","0","8","1","1","3","0","0","0","0","4","2","2","0","0","0","0","0","0"
"Northampton County, North Carolina","","","","","","","","","","","","","","","","","","","","","","","","","","","","","","","","","","","","","","","","","","","","","","","","","","","","","","","","","","","","","","","","","","","","","","",""
"    Northampton County, North Carolina","17,471","16,897","6,915","9,689","48","27","4","214","574","509","167","128","29","1","88","52","0","2","33","0","0","3","0","6","0","51","30","0","0","8","1","0","2","8","0","0","0","0","0","0","0","2","0","0","0","0","14","0","0","10","0","2","0","2","0","0","0","0","0","0","0","0","0","0","0","0","0","0","0","0","0"
"Onslow County, North Carolina","","","","","","","","","","","","","","","","","","","","","","","","","","","","","","","","","","","","","","","","","","","","","","","","","","","","","","","","","","","","","","","","","","","","","","",""
"    Onslow County, North Carolina","204,576","182,308","137,072","28,026","1,460","4,729","825","10,196","22,268","20,371","3,653","3,752","2,292","284","8,195","563","370","86","703","35","9","74","223","95","37","1,730","541","199","28","279","109","0","183","200","97","6","21","0","29","28","8","0","0","0","0","2","149","36","1","72","12","2","0","20","5","0","0","0","1","0","0","0","18","13","1","3","0","1","0","0","0"
"Orange County, North Carolina","","","","","","","","","","","","","","","","","","","","","","","","","","","","","","","","","","","","","","","","","","","","","","","","","","","","","","","","","","","","","","","","","","","","","","",""
"    Orange County, North Carolina","148,696","136,607","99,091","15,848","851","12,674","51","8,092","12,089","11,304","1,422","1,485","2,118","36","5,494","208","92","3","250","9","0","91","29","53","14","708","201","96","13","97","19","3","164","31","45","3","8","1","18","5","2","2","0","0","0","0","75","30","0","25","5","4","0","7","2","0","1","1","0","0","0","0","2","0","0","2","0","0","0","0","0"
"Pamlico County, North Carolina","","","","","","","","","","","","","","","","","","","","","","","","","","","","","","","","","","","","","","","","","","","","","","","","","","","","","","","","","","","","","","","","","","","","","","",""
"    Pamlico County, North Carolina","12,276","11,648","9,216","2,061","58","62","8","243","628","551","156","148","34","5","161","26","9","0","4","0","2","1","5","0","0","74","22","0","0","13","8","0","18","7","3","0","0","0","0","2","1","0","0","0","0","0","3","3","0","0","0","0","0","0","0","0","0","0","0","0","0","0","0","0","0","0","0","0","0","0","0"
"Pasquotank County, North Carolina","","","","","","","","","","","","","","","","","","","","","","","","","","","","","","","","","","","","","","","","","","","","","","","","","","","","","","","","","","","","","","","","","","","","","","",""
"    Pasquotank County, North Carolina","40,568","38,239","22,019","14,478","213","470","30","1,029","2,329","2,125","531","457","174","26","717","95","34","6","65","2","1","6","1","10","0","183","72","21","6","29","19","3","14","4","6","1","0","1","1","0","4","0","0","0","0","2","13","2","0","11","0","0","0","0","0","0","0","0","0","0","0","0","7","1","4","2","0","0","0","1","1"
"Pender County, North Carolina","","","","","","","","","","","","","","","","","","","","","","","","","","","","","","","","","","","","","","","","","","","","","","","","","","","","","","","","","","","","","","","","","","","","","","",""
"    Pender County, North Carolina","60,203","56,485","45,305","7,619","354","342","31","2,834","3,718","3,499","520","1,069","309","39","1,379","66","6","10","36","4","4","41","8","2","6","193","90","14","0","12","3","2","48","13","4","0","5","0","1","1","0","0","0","0","0","0","23","10","0","2","0","2","0","7","0","0","1","1","0","0","0","0","1","0","1","0","0","0","0","2","2"
"Perquimans County, North Carolina","","","","","","","","","","","","","","","","","","","","","","","","","","","","","","","","","","","","","","","","","","","","","","","","","","","","","","","","","","","","","","","","","","","","","","",""
"    Perquimans County, North Carolina","13,005","12,351","9,412","2,715","39","39","10","136","654","601","159","221","31","12","151","12","5","2","3","0","0","0","0","4","1","41","12","5","0","5","0","2","2","4","0","0","2","0","7","0","0","0","2","0","0","0","12","4","0","0","2","0","0","6","0","0","0","0","0","0","0","0","0","0","0","0","0","0","0","0","0"
"Person County, North Carolina","","","","","","","","","","","","","","","","","","","","","","","","","","","","","","","","","","","","","","","","","","","","","","","","","","","","","","","","","","","","","","","","","","","","","","",""
"    Person County, North Carolina","39,097","37,161","25,554","9,937","281","125","8","1,256","1,936","1,806","493","498","80","16","567","83","17","1","26","0","1","23","0","1","0","113","42","6","0","27","12","0","18","1","5","0","0","0","0","0","2","0","0","0","0","0","14","0","0","11","0","2","0","0","0","0","0","0","1","0","0","0","3","0","3","0","0","0","0","0","0"
"Pitt County, North Carolina","","","","","","","","","","","","","","","","","","","","","","","","","","","","","","","","","","","","","","","","","","","","","","","","","","","","","","","","","","","","","","","","","","","","","","",""
"    Pitt County, North Carolina","170,243","160,878","88,790","60,414","711","3,078","106","7,779","9,365","8,607","2,316","1,383","836","56","2,874","465","121","18","433","15","0","35","13","25","17","683","306","68","8","104","33","1","81","32","14","0","11","1","16","5","1","2","0","0","0","0","66","27","5","33","0","0","0","0","0","1","0","0","0","0","0","0","9","9","0","0","0","0","0","0","0"
"Polk County, North Carolina","","","","","","","","","","","","","","","","","","","","","","","","","","","","","","","","","","","","","","","","","","","","","","","","","","","","","","","","","","","","","","","","","","","","","","",""
"    Polk County, North Carolina","19,328","18,233","16,934","698","81","60","14","446","1,095","1,051","137","388","45","6","426","13","3","0","10","4","6","3","9","1","0","32","3","0","0","0","6","0","7","4","6","0","2","0","2","0","0","0","0","1","0","1","9","7","0","1","0","0","0","0","1","0","0","0","0","0","0","0","0","0","0","0","0","0","0","3","3"
"Randolph County, North Carolina","","","","","","","","","","","","","","","","","","","","","","","","","","","","","","","","","","","","","","","","","","","","","","","","","","","","","","","","","","","","","","","","","","","","","","",""
"    Randolph County, North Carolina","144,171","134,321","111,459","8,748","1,150","2,173","16","10,775","9,850","9,475","1,343","2,314","356","25","4,925","111","26","2","193","11","0","129","13","22","5","351","129","12","7","45","8","0","100","13","11","7","5","0","0","9","2","0","0","0","0","3","21","7","0","10","0","3","0","0","1","0","0","0","0","0","0","0","3","3","0","0","0","0","0","0","0"
"Richmond County, North Carolina","","","","","","","","","","","","","","","","","","","","","","","","","","","","","","","","","","","","","","","","","","","","","","","","","","","","","","","","","","","","","","","","","","","","","","",""
"    Richmond County, North Carolina","42,946","40,492","23,969","12,881","1,041","364","20","2,217","2,454","2,272","485","945","72","12","457","168","7","10","57","5","0","44","2","8","0","166","109","3","4","6","8","1","16","5","2","0","0","4","4","4","0","0","0","0","0","0","14","6","0","5","0","0","0","1","0","0","0","2","0","0","0","0","2","0","2","0","0","0","0","0","0"
"Robeson County, North Carolina","","","","","","","","","","","","","","","","","","","","","","","","","","","","","","","","","","","","","","","","","","","","","","","","","","","","","","","","","","","","","","","","","","","","","","",""
"    Robeson County, North Carolina","116,530","110,515","30,041","26,424","44,871","908","79","8,192","6,015","5,525","653","1,977","111","15","1,123","1,127","19","8","147","53","31","232","15","10","4","422","251","12","2","21","26","10","55","18","4","0","2","5","7","0","0","4","2","0","0","3","63","18","0","16","0","7","1","4","10","3","3","0","0","0","0","1","5","1","1","3","0","0","0","0","0"
"Rockingham County, North Carolina","","","","","","","","","","","","","","","","","","","","","","","","","","","","","","","","","","","","","","","","","","","","","","","","","","","","","","","","","","","","","","","","","","","","","","",""
"    Rockingham County, North Carolina","91,096","86,442","65,434","16,789","441","500","30","3,248","4,654","4,374","1,202","1,065","174","19","1,603","131","27","0","95","6","6","33","11","2","0","252","130","4","6","25","10","0","47","17","1","0","0","0","10","0","1","0","0","0","0","1","24","4","0","11","0","4","1","2","2","0","0","0","0","0","0","0","2","2","0","0","0","0","0","2","2"
"Rowan County, North Carolina","","","","","","","","","","","","","","","","","","","","","","","","","","","","","","","","","","","","","","","","","","","","","","","","","","","","","","","","","","","","","","","","","","","","","","",""
"    Rowan County, North Carolina","146,875","137,079","102,693","23,012","761","1,522","88","9,003","9,796","9,328","1,472","2,543","363","31","4,234","184","49","6","245","3","6","144","10","34","4","431","165","26","0","77","11","6","90","20","14","8","1","0","2","3","3","3","0","0","0","2","27","4","0","22","0","0","0","0","0","0","0","0","0","0","0","1","10","4","5","1","0","0","0","0","0"
"Rutherford County, North Carolina","","","","","","","","","","","","","","","","","","","","","","","","","","","","","","","","","","","","","","","","","","","","","","","","","","","","","","","","","","","","","","","","","","","","","","",""
"    Rutherford County, North Carolina","64,444","60,814","52,808","5,903","224","348","25","1,506","3,630","3,459","961","1,010","107","11","1,186","66","19","3","54","6","3","22","7","4","0","150","49","14","5","28","10","5","29","7","0","0","0","0","0","0","0","0","0","3","0","0","15","1","5","7","0","0","0","0","0","0","2","0","0","0","0","0","6","1","4","1","0","0","0","0","0"
"Sampson County, North Carolina","","","","","","","","","","","","","","","","","","","","","","","","","","","","","","","","","","","","","","","","","","","","","","","","","","","","","","","","","","","","","","","","","","","","","","",""
"    Sampson County, North Carolina","59,036","55,431","31,254","14,130","1,294","231","22","8,500","3,605","3,424","525","686","78","16","1,697","202","27","8","109","5","0","56","3","10","2","161","51","15","2","16","6","0","48","4","10","0","3","0","0","0","0","4","2","0","0","0","19","3","0","6","0","1","0","5","4","0","0","0","0","0","0","0","1","0","0","1","0","0","0","0","0"
"Scotland County, North Carolina","","","","","","","","","","","","","","","","","","","","","","","","","","","","","","","","","","","","","","","","","","","","","","","","","","","","","","","","","","","","","","","","","","","","","","",""
"    Scotland County, North Carolina","34,174","32,385","14,402","13,162","3,745","343","15","718","1,789","1,665","313","810","41","1","206","193","10","0","36","2","2","22","12","10","7","112","77","6","0","13","1","0","7","6","0","0","2","0","0","0","0","0","0","0","0","0","5","0","0","5","0","0","0","0","0","0","0","0","0","0","0","0","7","7","0","0","0","0","0","0","0"
"Stanly County, North Carolina","","","","","","","","","","","","","","","","","","","","","","","","","","","","","","","","","","","","","","","","","","","","","","","","","","","","","","","","","","","","","","","","","","","","","","",""
"    Stanly County, North Carolina","62,504","59,538","49,149","7,079","275","1,145","9","1,881","2,966","2,826","700","1,028","172","3","807","45","2","0","55","7","0","7","0","0","0","126","61","0","0","9","4","2","28","6","5","1","0","0","1","6","1","0","2","0","0","0","11","0","0","10","0","0","0","0","0","0","0","1","0","0","0","0","3","0","1","2","0","0","0","0","0"
"Stokes County, North Carolina","","","","","","","","","","","","","","","","","","","","","","","","","","","","","","","","","","","","","","","","","","","","","","","","","","","","","","","","","","","","","","","","","","","","","","",""
"    Stokes County, North Carolina","44,520","42,591","39,966","1,644","181","159","13","628","1,929","1,841","289","781","112","11","592","17","9","10","10","5","0","5","0","0","0","72","38","3","3","2","2","4","16","2","0","0","0","0","0","2","0","0","0","0","0","0","9","1","0","6","0","0","0","1","0","0","0","0","1","0","0","0","6","1","5","0","0","0","0","1","1"
"Surry County, North Carolina","","","","","","","","","","","","","","","","","","","","","","","","","","","","","","","","","","","","","","","","","","","","","","","","","","","","","","","","","","","","","","","","","","","","","","",""
"    Surry County, North Carolina","71,359","67,255","59,307","2,486","314","378","16","4,754","4,104","3,918","490","983","129","10","2,179","34","1","0","51","3","0","26","0","12","0","151","58","10","0","34","11","0","32","1","0","0","0","2","0","0","3","0","0","0","0","0","34","6","2","22","4","0","0","0","0","0","0","0","0","0","0","0","1","0","0","0","0","1","0","0","0"
"Swain County, North Carolina","","","","","","","","","","","","","","","","","","","","","","","","","","","","","","","","","","","","","","","","","","","","","","","","","","","","","","","","","","","","","","","","","","","","","","",""
"    Swain County, North Carolina","14,117","13,209","8,638","108","4,171","54","14","224","908","840","52","537","31","2","151","39","1","0","6","3","2","12","4","0","0","51","17","5","0","2","1","1","9","1","1","1","4","0","0","1","0","2","4","2","0","0","12","3","0","5","0","2","0","0","0","2","0","0","0","0","0","0","5","0","2","0","3","0","0","0","0"
"Transylvania County, North Carolina","","","","","","","","","","","","","","","","","","","","","","","","","","","","","","","","","","","","","","","","","","","","","","","","","","","","","","","","","","","","","","","","","","","","","","",""
"    Transylvania County, North Carolina","32,986","31,162","28,957","1,037","125","173","22","848","1,824","1,727","298","618","109","11","625","16","14","3","8","0","1","6","7","9","2","75","32","4","0","7","15","0","12","1","0","0","0","0","1","0","1","2","0","0","0","0","18","8","1","0","2","0","1","0","3","0","0","0","0","0","3","0","4","0","4","0","0","0","0","0","0"
"Tyrrell County, North Carolina","","","","","","","","","","","","","","","","","","","","","","","","","","","","","","","","","","","","","","","","","","","","","","","","","","","","","","","","","","","","","","","","","","","","","","",""
"    Tyrrell County, North Carolina","3,245","3,043","1,903","938","5","43","0","154","202","167","38","19","5","0","89","4","0","0","4","0","3","2","0","0","3","25","3","1","0","3","3","3","0","0","0","1","0","3","3","2","0","0","0","2","0","1","9","4","0","0","0","0","0","0","2","0","0","0","0","2","0","1","1","0","0","0","0","1","0","0","0"
"Union County, North Carolina","","","","","","","","","","","","","","","","","","","","","","","","","","","","","","","","","","","","","","","","","","","","","","","","","","","","","","","","","","","","","","","","","","","","","","",""
"    Union County, North Carolina","238,267","219,787","165,562","26,981","1,215","9,572","122","16,335","18,480","17,481","2,291","2,865","1,538","52","9,600","229","135","26","445","11","1","161","26","67","34","901","252","107","7","169","50","6","216","17","49","7","4","2","8","2","0","0","0","2","2","1","92","16","0","63","0","5","0","2","1","0","0","0","0","2","3","0","6","0","6","0","0","0","0","0","0"
"Vance County, North Carolina","","","","","","","","","","","","","","","","","","","","","","","","","","","","","","","","","","","","","","","","","","","","","","","","","","","","","","","","","","","","","","","","","","","","","","",""
"    Vance County, North Carolina","42,578","40,870","16,682","21,237","161","286","11","2,493","1,708","1,560","451","222","99","6","554","93","22","6","85","6","0","11","0","4","1","128","60","13","2","19","1","0","17","0","4","0","0","0","1","5","6","0","0","0","0","0","16","0","0","10","1","2","0","3","0","0","0","0","0","0","0","0","4","0","0","0","0","0","4","0","0"
"Wake County, North Carolina","","","","","","","","","","","","","","","","","","","","","","","","","","","","","","","","","","","","","","","","","","","","","","","","","","","","","","","","","","","","","","","","","","","","","","",""
"    Wake County, North Carolina","1,129,410","1,043,992","663,832","208,493","5,756","97,042","572","68,297","85,418","79,589","11,467","9,302","11,432","388","38,860","2,264","1,016","127","3,155","136","11","712","182","458","79","5,064","1,653","483","52","970","236","12","827","219","346","35","61","20","94","19","23","5","0","4","5","0","717","142","16","418","16","53","7","24","29","0","9","0","1","0","0","2","43","26","12","2","3","0","0","5","5"
"Warren County, North Carolina","","","","","","","","","","","","","","","","","","","","","","","","","","","","","","","","","","","","","","","","","","","","","","","","","","","","","","","","","","","","","","","","","","","","","","",""
"    Warren County, North Carolina","18,642","17,920","7,253","9,114","978","62","4","509","722","637","160","139","16","8","117","119","11","15","39","1","0","5","1","3","3","57","32","0","2","0","1","0","5","2","5","0","3","0","6","0","0","0","1","0","0","0","13","0","2","5","0","1","0","0","0","0","0","2","0","0","0","3","11","5","5","1","0","0","0","4","4"
"Washington County, North Carolina","","","","","","","","","","","","","","","","","","","","","","","","","","","","","","","","","","","","","","","","","","","","","","","","","","","","","","","","","","","","","","","","","","","","","","",""
"    Washington County, North Carolina","11,003","10,666","4,999","5,375","23","37","9","223","337","317","97","59","16","2","88","33","0","0","16","0","2","0","1","0","3","14","2","3","0","6","0","0","0","0","0","0","2","0","0","0","0","1","0","0","0","0","6","5","0","0","0","0","1","0","0","0","0","0","0","0","0","0","0","0","0","0","0","0","0","0","0"
"Watauga County, North Carolina","","","","","","","","","","","","","","","","","","","","","","","","","","","","","","","","","","","","","","","","","","","","","","","","","","","","","","","","","","","","","","","","","","","","","","",""
"    Watauga County, North Carolina","54,086","51,131","45,726","2,149","131","945","19","2,161","2,955","2,821","394","772","254","29","1,177","14","9","7","18","0","3","14","114","15","1","105","27","14","0","2","15","0","24","4","11","3","0","0","1","0","0","0","3","0","0","1","18","5","1","10","0","1","0","0","0","0","0","0","1","0","0","0","11","7","4","0","0","0","0","0","0"
"Wayne County, North Carolina","","","","","","","","","","","","","","","","","","","","","","","","","","","","","","","","","","","","","","","","","","","","","","","","","","","","","","","","","","","","","","","","","","","","","","",""
"    Wayne County, North Carolina","117,333","109,739","62,452","35,795","682","1,580","77","9,153","7,594","7,071","1,582","1,158","602","32","2,868","251","122","26","297","1","10","80","15","19","8","454","164","61","10","80","4","0","56","26","23","11","1","4","5","4","1","0","0","1","0","3","64","12","0","17","9","5","0","6","5","1","2","1","0","0","6","0","5","3","0","0","0","2","0","0","0"
"Wilkes County, North Carolina","","","","","","","","","","","","","","","","","","","","","","","","","","","","","","","","","","","","","","","","","","","","","","","","","","","","","","","","","","","","","","","","","","","","","","",""
"    Wilkes County, North Carolina","65,969","63,018","57,105","2,634","218","325","11","2,725","2,951","2,819","590","890","103","6","1,114","37","16","1","16","0","10","23","6","7","0","114","44","1","0","30","8","1","26","0","3","0","1","0","0","0","0","0","0","0","0","0","9","4","0","3","1","0","1","0","0","0","0","0","0","0","0","0","9","7","0","0","0","2","0","0","0"
"Wilson County, North Carolina","","","","","","","","","","","","","","","","","","","","","","","","","","","","","","","","","","","","","","","","","","","","","","","","","","","","","","","","","","","","","","","","","","","","","","",""
"    Wilson County, North Carolina","78,784","74,513","37,341","30,097","489","900","25","5,661","4,271","3,987","931","520","237","6","1,596","229","26","12","174","0","0","235","9","8","4","245","139","17","0","27","13","6","31","5","0","1","1","0","3","0","2","0","0","0","0","0","25","6","2","4","6","0","0","7","0","0","0","0","0","0","0","0","6","6","0","0","0","0","0","8","8"
"Yadkin County, North Carolina","","","","","","","","","","","","","","","","","","","","","","","","","","","","","","","","","","","","","","","","","","","","","","","","","","","","","","","","","","","","","","","","","","","","","","",""
"    Yadkin County, North Carolina","37,214","35,179","30,842","1,136","203","143","0","2,855","2,035","1,939","225","574","53","10","1,026","3","1","3","7","0","4","20","9","2","2","89","42","6","0","0","8","2","19","1","7","2","0","2","0","0","0","0","0","0","0","0","7","0","0","5","0","0","0","0","2","0","0","0","0","0","0","0","0","0","0","0","0","0","0","0","0"
"Yancey County, North Carolina","","","","","","","","","","","","","","","","","","","","","","","","","","","","","","","","","","","","","","","","","","","","","","","","","","","","","","","","","","","","","","","","","","","","","","",""
"    Yancey County, North Carolina","18,470","17,602","16,866","108","82","40","3","503","868","806","59","369","31","0","326","6","3","2","4","0","0","0","1","5","0","56","3","10","2","14","3","1","16","0","0","0","0","0","4","0","3","0","0","0","0","0","6","0","1","2","3","0","0","0","0","0","0","0","0","0","0","0","0","0","0","0","0","0","0","0","0"